<Components xmlns:xsd="http://www.w3.org/2001/XMLSchema" xmlns:xsi="http://www.w3.org/2001/XMLSchema-instance" xmlns="http://schemas.microsoft.com/crm/2009/"><Component><Id>401eed95-62b1-4dd4-8ca2-c5a2bee16481</Id><Name>Follow Email Activity</Name><ComponentType>2</ComponentType><TypeName>Attribute</TypeName><ParentEntity>Account</ParentEntity><Action>Remove</Action><Comments><Comment>The Attribute Follow Email Activity hasn't been added to the solution because it's a new Attribute, or it contains components that won't work in earlier versions of CRM. 
    </Comment></Comments></Component><Component><Id>8448b78f-8f42-454e-8e2a-f8196b0419af</Id><Name>Account</Name><ComponentType>60</ComponentType><TypeName>System Form</TypeName><ParentEntity>Account</ParentEntity><Action>Edit</Action><Comments /></Component><Component><Id>d8841e6e-5099-4320-aa8b-682e329702c4</Id><Name>Last On Hold Time</Name><ComponentType>2</ComponentType><TypeName>Attribute</TypeName><ParentEntity>Account</ParentEntity><Action>Remove</Action><Comments><Comment>The Attribute Last On Hold Time hasn't been added to the solution because it's a new Attribute, or it contains components that won't work in earlier versions of CRM. 
    </Comment></Comments></Component><Component><Id>fc486055-74dd-4b6c-8005-8aec67ffe0df</Id><Name>On Hold Time (Minutes)</Name><ComponentType>2</ComponentType><TypeName>Attribute</TypeName><ParentEntity>Account</ParentEntity><Action>Remove</Action><Comments><Comment>The Attribute On Hold Time (Minutes) hasn't been added to the solution because it's a new Attribute, or it contains components that won't work in earlier versions of CRM. 
    </Comment></Comments></Component><Component><Id>c88f7cd9-19be-48c7-8a33-8473d070297a</Id><Name>Marketing Only</Name><ComponentType>2</ComponentType><TypeName>Attribute</TypeName><ParentEntity>Account</ParentEntity><Action>Remove</Action><Comments><Comment>The Attribute Marketing Only hasn't been added to the solution because it's a new Attribute, or it contains components that won't work in earlier versions of CRM. 
    </Comment></Comments></Component><Component><Id>2b8f1a55-04f9-468f-b431-bdc0e59e6019</Id><Name>Time Spent by me</Name><ComponentType>2</ComponentType><TypeName>Attribute</TypeName><ParentEntity>Account</ParentEntity><Action>Remove</Action><Comments><Comment>The Attribute Time Spent by me hasn't been added to the solution because it's a new Attribute, or it contains components that won't work in earlier versions of CRM. 
    </Comment></Comments></Component><Component><Id>6bdcd7f1-5865-4fef-91b0-676824b18641</Id><Name>SLA</Name><ComponentType>2</ComponentType><TypeName>Attribute</TypeName><ParentEntity>Account</ParentEntity><Action>Remove</Action><Comments><Comment>The Attribute SLA hasn't been added to the solution because it's a new Attribute, or it contains components that won't work in earlier versions of CRM. 
    </Comment></Comments></Component><Component><Id>9888d31b-1944-4a65-8856-76234861beb0</Id><Name>Last SLA applied</Name><ComponentType>2</ComponentType><TypeName>Attribute</TypeName><ParentEntity>Account</ParentEntity><Action>Remove</Action><Comments><Comment>The Attribute Last SLA applied hasn't been added to the solution because it's a new Attribute, or it contains components that won't work in earlier versions of CRM. 
    </Comment></Comments></Component><Component><Id>cb42fea0-0bf8-4a2c-af25-556636b53a25</Id><Name>Last SLA applied</Name><ComponentType>2</ComponentType><TypeName>Attribute</TypeName><ParentEntity>Activity</ParentEntity><Action>Remove</Action><Comments><Comment>The Attribute Last SLA applied hasn't been added to the solution because it's a new Attribute, or it contains components that won't work in earlier versions of CRM. 
    </Comment></Comments></Component><Component><Id>e4638874-2d4e-4cc3-af41-30f0a42bf3f3</Id><Name>Exchange WebLink</Name><ComponentType>2</ComponentType><TypeName>Attribute</TypeName><ParentEntity>Activity</ParentEntity><Action>Remove</Action><Comments><Comment>The Attribute Exchange WebLink hasn't been added to the solution because it's a new Attribute, or it contains components that won't work in earlier versions of CRM. 
    </Comment></Comments></Component><Component><Id>89072caa-8cff-41cc-ab9f-ae5337ee7e3a</Id><Name>Exchange Item ID</Name><ComponentType>2</ComponentType><TypeName>Attribute</TypeName><ParentEntity>Activity</ParentEntity><Action>Remove</Action><Comments><Comment>The Attribute Exchange Item ID hasn't been added to the solution because it's a new Attribute, or it contains components that won't work in earlier versions of CRM. 
    </Comment></Comments></Component><Component><Id>59a755cf-9b0a-460c-a47b-3c3d506612c9</Id><Name>Last On Hold Time</Name><ComponentType>2</ComponentType><TypeName>Attribute</TypeName><ParentEntity>Activity</ParentEntity><Action>Remove</Action><Comments><Comment>The Attribute Last On Hold Time hasn't been added to the solution because it's a new Attribute, or it contains components that won't work in earlier versions of CRM. 
    </Comment></Comments></Component><Component><Id>84559c2b-8582-4b4d-b76e-03909bbb6e0c</Id><Name>On Hold Time (Minutes)</Name><ComponentType>2</ComponentType><TypeName>Attribute</TypeName><ParentEntity>Activity</ParentEntity><Action>Remove</Action><Comments><Comment>The Attribute On Hold Time (Minutes) hasn't been added to the solution because it's a new Attribute, or it contains components that won't work in earlier versions of CRM. 
    </Comment></Comments></Component><Component><Id>98cc2f9c-b856-4554-a03b-df1b15713e9c</Id><Name>Sort Date</Name><ComponentType>2</ComponentType><TypeName>Attribute</TypeName><ParentEntity>Activity</ParentEntity><Action>Remove</Action><Comments><Comment>The Attribute Sort Date hasn't been added to the solution because it's a new Attribute, or it contains components that won't work in earlier versions of CRM. 
    </Comment></Comments></Component><Component><Id>3a46ff7a-6730-4186-9a10-14a2668286e0</Id><Name>SLA</Name><ComponentType>2</ComponentType><TypeName>Attribute</TypeName><ParentEntity>Activity</ParentEntity><Action>Remove</Action><Comments><Comment>The Attribute SLA hasn't been added to the solution because it's a new Attribute, or it contains components that won't work in earlier versions of CRM. 
    </Comment></Comments></Component><Component><Id>8ebc6022-2cc2-445e-a660-f9f1e4e86c86</Id><Name>Last On Hold Time</Name><ComponentType>2</ComponentType><TypeName>Attribute</TypeName><ParentEntity>Appointment</ParentEntity><Action>Remove</Action><Comments><Comment>The Attribute Last On Hold Time hasn't been added to the solution because it's a new Attribute, or it contains components that won't work in earlier versions of CRM. 
    </Comment></Comments></Component><Component><Id>257d72dc-124b-4e2a-81b7-f4830c6632fe</Id><Name>SLA</Name><ComponentType>2</ComponentType><TypeName>Attribute</TypeName><ParentEntity>Appointment</ParentEntity><Action>Remove</Action><Comments><Comment>The Attribute SLA hasn't been added to the solution because it's a new Attribute, or it contains components that won't work in earlier versions of CRM. 
    </Comment></Comments></Component><Component><Id>d178e3d7-201f-45dd-94ec-099287d4a210</Id><Name>Sort Date</Name><ComponentType>2</ComponentType><TypeName>Attribute</TypeName><ParentEntity>Appointment</ParentEntity><Action>Remove</Action><Comments><Comment>The Attribute Sort Date hasn't been added to the solution because it's a new Attribute, or it contains components that won't work in earlier versions of CRM. 
    </Comment></Comments></Component><Component><Id>196472bb-e63d-488e-8ca9-321a15b4fa21</Id><Name>Last SLA applied</Name><ComponentType>2</ComponentType><TypeName>Attribute</TypeName><ParentEntity>Appointment</ParentEntity><Action>Remove</Action><Comments><Comment>The Attribute Last SLA applied hasn't been added to the solution because it's a new Attribute, or it contains components that won't work in earlier versions of CRM. 
    </Comment></Comments></Component><Component><Id>14340c77-c0d8-4011-9603-7e3c596b62fe</Id><Name>On Hold Time (Minutes)</Name><ComponentType>2</ComponentType><TypeName>Attribute</TypeName><ParentEntity>Appointment</ParentEntity><Action>Remove</Action><Comments><Comment>The Attribute On Hold Time (Minutes) hasn't been added to the solution because it's a new Attribute, or it contains components that won't work in earlier versions of CRM. 
    </Comment></Comments></Component><Component><Id>67cb23fc-f521-45fe-9e85-d7fb82097f0f</Id><Name>Last On Hold Time</Name><ComponentType>2</ComponentType><TypeName>Attribute</TypeName><ParentEntity>Contact</ParentEntity><Action>Remove</Action><Comments><Comment>The Attribute Last On Hold Time hasn't been added to the solution because it's a new Attribute, or it contains components that won't work in earlier versions of CRM. 
    </Comment></Comments></Component><Component><Id>b6a3a39c-ca04-4dd2-95d5-da59fb282e06</Id><Name>Follow Email Activity</Name><ComponentType>2</ComponentType><TypeName>Attribute</TypeName><ParentEntity>Contact</ParentEntity><Action>Remove</Action><Comments><Comment>The Attribute Follow Email Activity hasn't been added to the solution because it's a new Attribute, or it contains components that won't work in earlier versions of CRM. 
    </Comment></Comments></Component><Component><Id>895d0811-bc1b-407d-9fd6-5425a0a3c859</Id><Name>Marketing Only</Name><ComponentType>2</ComponentType><TypeName>Attribute</TypeName><ParentEntity>Contact</ParentEntity><Action>Remove</Action><Comments><Comment>The Attribute Marketing Only hasn't been added to the solution because it's a new Attribute, or it contains components that won't work in earlier versions of CRM. 
    </Comment></Comments></Component><Component><Id>589d672c-d005-4623-98dc-932ddf7f8915</Id><Name>SLA</Name><ComponentType>2</ComponentType><TypeName>Attribute</TypeName><ParentEntity>Contact</ParentEntity><Action>Remove</Action><Comments><Comment>The Attribute SLA hasn't been added to the solution because it's a new Attribute, or it contains components that won't work in earlier versions of CRM. 
    </Comment></Comments></Component><Component><Id>4a39baa7-04d9-490f-b346-43821f159e94</Id><Name>On Hold Time (Minutes)</Name><ComponentType>2</ComponentType><TypeName>Attribute</TypeName><ParentEntity>Contact</ParentEntity><Action>Remove</Action><Comments><Comment>The Attribute On Hold Time (Minutes) hasn't been added to the solution because it's a new Attribute, or it contains components that won't work in earlier versions of CRM. 
    </Comment></Comments></Component><Component><Id>bbf1111d-d828-43a8-9cf1-b8db34085a33</Id><Name>Last SLA applied</Name><ComponentType>2</ComponentType><TypeName>Attribute</TypeName><ParentEntity>Contact</ParentEntity><Action>Remove</Action><Comments><Comment>The Attribute Last SLA applied hasn't been added to the solution because it's a new Attribute, or it contains components that won't work in earlier versions of CRM. 
    </Comment></Comments></Component><Component><Id>a9f536d0-846a-46aa-a124-1927a5b03ce2</Id><Name>Time Spent by me</Name><ComponentType>2</ComponentType><TypeName>Attribute</TypeName><ParentEntity>Contact</ParentEntity><Action>Remove</Action><Comments><Comment>The Attribute Time Spent by me hasn't been added to the solution because it's a new Attribute, or it contains components that won't work in earlier versions of CRM. 
    </Comment></Comments></Component><Component><Id>2e330c29-851c-4641-b569-2bebad865ac4</Id><Name>Email Reminder Expiry Time</Name><ComponentType>2</ComponentType><TypeName>Attribute</TypeName><ParentEntity>Email</ParentEntity><Action>Remove</Action><Comments><Comment>The Attribute Email Reminder Expiry Time hasn't been added to the solution because it's a new Attribute, or it contains components that won't work in earlier versions of CRM. 
    </Comment></Comments></Component><Component><Id>6b3c7cbe-35fa-4c3b-b4bd-207d6b3afce7</Id><Name>Open Count</Name><ComponentType>2</ComponentType><TypeName>Attribute</TypeName><ParentEntity>Email</ParentEntity><Action>Remove</Action><Comments><Comment>The Attribute Open Count hasn't been added to the solution because it's a new Attribute, or it contains components that won't work in earlier versions of CRM. 
    </Comment></Comments></Component><Component><Id>64d7e206-242d-4f5f-8338-b03d4c17a770</Id><Name>Sort Date</Name><ComponentType>2</ComponentType><TypeName>Attribute</TypeName><ParentEntity>Email</ParentEntity><Action>Remove</Action><Comments><Comment>The Attribute Sort Date hasn't been added to the solution because it's a new Attribute, or it contains components that won't work in earlier versions of CRM. 
    </Comment></Comments></Component><Component><Id>5fa4e6f2-a401-4b7f-a0e7-ce2acde1c434</Id><Name>Followed</Name><ComponentType>2</ComponentType><TypeName>Attribute</TypeName><ParentEntity>Email</ParentEntity><Action>Remove</Action><Comments><Comment>The Attribute Followed hasn't been added to the solution because it's a new Attribute, or it contains components that won't work in earlier versions of CRM. 
    </Comment></Comments></Component><Component><Id>736e23b8-b2a0-49db-8099-8d25667aff7e</Id><Name>Last SLA applied</Name><ComponentType>2</ComponentType><TypeName>Attribute</TypeName><ParentEntity>Email</ParentEntity><Action>Remove</Action><Comments><Comment>The Attribute Last SLA applied hasn't been added to the solution because it's a new Attribute, or it contains components that won't work in earlier versions of CRM. 
    </Comment></Comments></Component><Component><Id>a05504bc-7fb5-422e-9db8-76e559bf8b0e</Id><Name>ID for template used.</Name><ComponentType>2</ComponentType><TypeName>Attribute</TypeName><ParentEntity>Email</ParentEntity><Action>Remove</Action><Comments><Comment>The Attribute ID for template used. hasn't been added to the solution because it's a new Attribute, or it contains components that won't work in earlier versions of CRM. 
    </Comment></Comments></Component><Component><Id>c6ae504b-9c42-4454-a7c3-6809ab407311</Id><Name>Last On Hold Time</Name><ComponentType>2</ComponentType><TypeName>Attribute</TypeName><ParentEntity>Email</ParentEntity><Action>Remove</Action><Comments><Comment>The Attribute Last On Hold Time hasn't been added to the solution because it's a new Attribute, or it contains components that won't work in earlier versions of CRM. 
    </Comment></Comments></Component><Component><Id>0103ac8e-993d-47e5-99e1-96eb89400444</Id><Name>Reply Count</Name><ComponentType>2</ComponentType><TypeName>Attribute</TypeName><ParentEntity>Email</ParentEntity><Action>Remove</Action><Comments><Comment>The Attribute Reply Count hasn't been added to the solution because it's a new Attribute, or it contains components that won't work in earlier versions of CRM. 
    </Comment></Comments></Component><Component><Id>7065cb1b-02cf-4db4-85f6-a278b21240f0</Id><Name>Attachment View Count</Name><ComponentType>2</ComponentType><TypeName>Attribute</TypeName><ParentEntity>Email</ParentEntity><Action>Remove</Action><Comments><Comment>The Attribute Attachment View Count hasn't been added to the solution because it's a new Attribute, or it contains components that won't work in earlier versions of CRM. 
    </Comment></Comments></Component><Component><Id>f44008eb-cef4-4d48-92aa-8a3d9bc52f05</Id><Name>Reminder Action Card Id.</Name><ComponentType>2</ComponentType><TypeName>Attribute</TypeName><ParentEntity>Email</ParentEntity><Action>Remove</Action><Comments><Comment>The Attribute Reminder Action Card Id. hasn't been added to the solution because it's a new Attribute, or it contains components that won't work in earlier versions of CRM. 
    </Comment></Comments></Component><Component><Id>90fe89c7-20f1-497f-b991-7885a604882f</Id><Name>Conversation Tracking Id</Name><ComponentType>2</ComponentType><TypeName>Attribute</TypeName><ParentEntity>Email</ParentEntity><Action>Remove</Action><Comments><Comment>The Attribute Conversation Tracking Id hasn't been added to the solution because it's a new Attribute, or it contains components that won't work in earlier versions of CRM. 
    </Comment></Comments></Component><Component><Id>01c65640-352d-493d-ab96-6a5300842b58</Id><Name>Email Tracking Id</Name><ComponentType>2</ComponentType><TypeName>Attribute</TypeName><ParentEntity>Email</ParentEntity><Action>Remove</Action><Comments><Comment>The Attribute Email Tracking Id hasn't been added to the solution because it's a new Attribute, or it contains components that won't work in earlier versions of CRM. 
    </Comment></Comments></Component><Component><Id>51098e71-7299-4853-96ef-be1270b384eb</Id><Name>Last Opened Time</Name><ComponentType>2</ComponentType><TypeName>Attribute</TypeName><ParentEntity>Email</ParentEntity><Action>Remove</Action><Comments><Comment>The Attribute Last Opened Time hasn't been added to the solution because it's a new Attribute, or it contains components that won't work in earlier versions of CRM. 
    </Comment></Comments></Component><Component><Id>7b185452-1e23-4675-8527-1ee19fe49306</Id><Name>Email Reminder Text</Name><ComponentType>2</ComponentType><TypeName>Attribute</TypeName><ParentEntity>Email</ParentEntity><Action>Remove</Action><Comments><Comment>The Attribute Email Reminder Text hasn't been added to the solution because it's a new Attribute, or it contains components that won't work in earlier versions of CRM. 
    </Comment></Comments></Component><Component><Id>9969c4db-28b0-4d6e-868c-aa94ea636191</Id><Name>Following</Name><ComponentType>2</ComponentType><TypeName>Attribute</TypeName><ParentEntity>Email</ParentEntity><Action>Remove</Action><Comments><Comment>The Attribute Following hasn't been added to the solution because it's a new Attribute, or it contains components that won't work in earlier versions of CRM. 
    </Comment></Comments></Component><Component><Id>728cc1b2-01f0-4694-be2d-ac2bf980fb04</Id><Name>Email Reminder Status</Name><ComponentType>2</ComponentType><TypeName>Attribute</TypeName><ParentEntity>Email</ParentEntity><Action>Remove</Action><Comments><Comment>The Attribute Email Reminder Status hasn't been added to the solution because it's a new Attribute, or it contains components that won't work in earlier versions of CRM. 
    </Comment></Comments></Component><Component><Id>1fe76536-f9c4-4962-b508-4c58d54ae9b1</Id><Name>On Hold Time (Minutes)</Name><ComponentType>2</ComponentType><TypeName>Attribute</TypeName><ParentEntity>Email</ParentEntity><Action>Remove</Action><Comments><Comment>The Attribute On Hold Time (Minutes) hasn't been added to the solution because it's a new Attribute, or it contains components that won't work in earlier versions of CRM. 
    </Comment></Comments></Component><Component><Id>5464e83a-131d-4fc9-be68-88fc0b53efc3</Id><Name>Email Reminder Type</Name><ComponentType>2</ComponentType><TypeName>Attribute</TypeName><ParentEntity>Email</ParentEntity><Action>Remove</Action><Comments><Comment>The Attribute Email Reminder Type hasn't been added to the solution because it's a new Attribute, or it contains components that won't work in earlier versions of CRM. 
    </Comment></Comments></Component><Component><Id>550a093f-92f2-4fa9-9faf-87b2a4d7220d</Id><Name>Link Click Count</Name><ComponentType>2</ComponentType><TypeName>Attribute</TypeName><ParentEntity>Email</ParentEntity><Action>Remove</Action><Comments><Comment>The Attribute Link Click Count hasn't been added to the solution because it's a new Attribute, or it contains components that won't work in earlier versions of CRM. 
    </Comment></Comments></Component><Component><Id>33de37be-02c0-4ce2-a306-1a0e08b8eacb</Id><Name>SLA</Name><ComponentType>2</ComponentType><TypeName>Attribute</TypeName><ParentEntity>Email</ParentEntity><Action>Remove</Action><Comments><Comment>The Attribute SLA hasn't been added to the solution because it's a new Attribute, or it contains components that won't work in earlier versions of CRM. 
    </Comment></Comments></Component><Component><Id>b8ebe27c-0d63-4954-a0e4-f46f538dd2aa</Id><Name>Delay Send</Name><ComponentType>2</ComponentType><TypeName>Attribute</TypeName><ParentEntity>Email</ParentEntity><Action>Remove</Action><Comments><Comment>The Attribute Delay Send hasn't been added to the solution because it's a new Attribute, or it contains components that won't work in earlier versions of CRM. 
    </Comment></Comments></Component><Component><Id>46a651a9-4604-41ce-a2b7-c25ddafb3582</Id><Name>Sort Date</Name><ComponentType>2</ComponentType><TypeName>Attribute</TypeName><ParentEntity>Fax</ParentEntity><Action>Remove</Action><Comments><Comment>The Attribute Sort Date hasn't been added to the solution because it's a new Attribute, or it contains components that won't work in earlier versions of CRM. 
    </Comment></Comments></Component><Component><Id>138966f6-e6e2-48d3-b12d-c93f2828941b</Id><Name>Last SLA applied</Name><ComponentType>2</ComponentType><TypeName>Attribute</TypeName><ParentEntity>Fax</ParentEntity><Action>Remove</Action><Comments><Comment>The Attribute Last SLA applied hasn't been added to the solution because it's a new Attribute, or it contains components that won't work in earlier versions of CRM. 
    </Comment></Comments></Component><Component><Id>158e4ba4-dd1e-4aa2-ae6d-e4bf77d3b116</Id><Name>On Hold Time (Minutes)</Name><ComponentType>2</ComponentType><TypeName>Attribute</TypeName><ParentEntity>Fax</ParentEntity><Action>Remove</Action><Comments><Comment>The Attribute On Hold Time (Minutes) hasn't been added to the solution because it's a new Attribute, or it contains components that won't work in earlier versions of CRM. 
    </Comment></Comments></Component><Component><Id>3a064410-f135-4bd5-bac1-6406406422a9</Id><Name>Last On Hold Time</Name><ComponentType>2</ComponentType><TypeName>Attribute</TypeName><ParentEntity>Fax</ParentEntity><Action>Remove</Action><Comments><Comment>The Attribute Last On Hold Time hasn't been added to the solution because it's a new Attribute, or it contains components that won't work in earlier versions of CRM. 
    </Comment></Comments></Component><Component><Id>09192f52-dfe3-4a72-b19a-03fa1e29409d</Id><Name>SLA</Name><ComponentType>2</ComponentType><TypeName>Attribute</TypeName><ParentEntity>Fax</ParentEntity><Action>Remove</Action><Comments><Comment>The Attribute SLA hasn't been added to the solution because it's a new Attribute, or it contains components that won't work in earlier versions of CRM. 
    </Comment></Comments></Component><Component><Id>90251df4-fbce-421d-80e0-41e0604a834b</Id><Name>Time Spent by me</Name><ComponentType>2</ComponentType><TypeName>Attribute</TypeName><ParentEntity>Lead</ParentEntity><Action>Remove</Action><Comments><Comment>The Attribute Time Spent by me hasn't been added to the solution because it's a new Attribute, or it contains components that won't work in earlier versions of CRM. 
    </Comment></Comments></Component><Component><Id>e2857835-9237-4323-9be5-f7ad2e798a03</Id><Name>Follow Email Activity</Name><ComponentType>2</ComponentType><TypeName>Attribute</TypeName><ParentEntity>Lead</ParentEntity><Action>Remove</Action><Comments><Comment>The Attribute Follow Email Activity hasn't been added to the solution because it's a new Attribute, or it contains components that won't work in earlier versions of CRM. 
    </Comment></Comments></Component><Component><Id>24a10549-7a47-4bb4-b113-2c6d60aefafe</Id><Name>Last On Hold Time</Name><ComponentType>2</ComponentType><TypeName>Attribute</TypeName><ParentEntity>Lead</ParentEntity><Action>Remove</Action><Comments><Comment>The Attribute Last On Hold Time hasn't been added to the solution because it's a new Attribute, or it contains components that won't work in earlier versions of CRM. 
    </Comment></Comments></Component><Component><Id>50a0e706-dd21-4a77-b94f-3ee4afd7a485</Id><Name>SLA</Name><ComponentType>2</ComponentType><TypeName>Attribute</TypeName><ParentEntity>Lead</ParentEntity><Action>Remove</Action><Comments><Comment>The Attribute SLA hasn't been added to the solution because it's a new Attribute, or it contains components that won't work in earlier versions of CRM. 
    </Comment></Comments></Component><Component><Id>d10f39bb-4bb4-4f63-85e9-384649bf13d4</Id><Name>On Hold Time (Minutes)</Name><ComponentType>2</ComponentType><TypeName>Attribute</TypeName><ParentEntity>Lead</ParentEntity><Action>Remove</Action><Comments><Comment>The Attribute On Hold Time (Minutes) hasn't been added to the solution because it's a new Attribute, or it contains components that won't work in earlier versions of CRM. 
    </Comment></Comments></Component><Component><Id>81b10068-32c7-4657-94c6-4b2fa6252f3e</Id><Name>Last SLA applied</Name><ComponentType>2</ComponentType><TypeName>Attribute</TypeName><ParentEntity>Lead</ParentEntity><Action>Remove</Action><Comments><Comment>The Attribute Last SLA applied hasn't been added to the solution because it's a new Attribute, or it contains components that won't work in earlier versions of CRM. 
    </Comment></Comments></Component><Component><Id>6861f000-8c0c-4204-83b0-4535995108b1</Id><Name>On Hold Time (Minutes)</Name><ComponentType>2</ComponentType><TypeName>Attribute</TypeName><ParentEntity>Letter</ParentEntity><Action>Remove</Action><Comments><Comment>The Attribute On Hold Time (Minutes) hasn't been added to the solution because it's a new Attribute, or it contains components that won't work in earlier versions of CRM. 
    </Comment></Comments></Component><Component><Id>667543e1-fa17-4fbe-bc3d-077438508889</Id><Name>Last On Hold Time</Name><ComponentType>2</ComponentType><TypeName>Attribute</TypeName><ParentEntity>Letter</ParentEntity><Action>Remove</Action><Comments><Comment>The Attribute Last On Hold Time hasn't been added to the solution because it's a new Attribute, or it contains components that won't work in earlier versions of CRM. 
    </Comment></Comments></Component><Component><Id>5446cee7-a9a8-4b94-82c8-4849c64ddf1c</Id><Name>Last SLA applied</Name><ComponentType>2</ComponentType><TypeName>Attribute</TypeName><ParentEntity>Letter</ParentEntity><Action>Remove</Action><Comments><Comment>The Attribute Last SLA applied hasn't been added to the solution because it's a new Attribute, or it contains components that won't work in earlier versions of CRM. 
    </Comment></Comments></Component><Component><Id>6d08a1af-77a9-419a-b4b7-a2b7aaee8b02</Id><Name>SLA</Name><ComponentType>2</ComponentType><TypeName>Attribute</TypeName><ParentEntity>Letter</ParentEntity><Action>Remove</Action><Comments><Comment>The Attribute SLA hasn't been added to the solution because it's a new Attribute, or it contains components that won't work in earlier versions of CRM. 
    </Comment></Comments></Component><Component><Id>28425366-0239-46ff-9314-581075c45f0d</Id><Name>Sort Date</Name><ComponentType>2</ComponentType><TypeName>Attribute</TypeName><ParentEntity>Letter</ParentEntity><Action>Remove</Action><Comments><Comment>The Attribute Sort Date hasn't been added to the solution because it's a new Attribute, or it contains components that won't work in earlier versions of CRM. 
    </Comment></Comments></Component><Component><Id>26523f1b-463f-4701-9aad-dc1fb20a212b</Id><Name>Time Spent by me</Name><ComponentType>2</ComponentType><TypeName>Attribute</TypeName><ParentEntity>Opportunity</ParentEntity><Action>Remove</Action><Comments><Comment>The Attribute Time Spent by me hasn't been added to the solution because it's a new Attribute, or it contains components that won't work in earlier versions of CRM. 
    </Comment></Comments></Component><Component><Id>ca8300ca-598d-49c3-9753-a0f66665dada</Id><Name>Last SLA applied</Name><ComponentType>2</ComponentType><TypeName>Attribute</TypeName><ParentEntity>Opportunity</ParentEntity><Action>Remove</Action><Comments><Comment>The Attribute Last SLA applied hasn't been added to the solution because it's a new Attribute, or it contains components that won't work in earlier versions of CRM. 
    </Comment></Comments></Component><Component><Id>dd59955b-a802-4342-acda-74dde5257c0d</Id><Name>Last On Hold Time</Name><ComponentType>2</ComponentType><TypeName>Attribute</TypeName><ParentEntity>Opportunity</ParentEntity><Action>Remove</Action><Comments><Comment>The Attribute Last On Hold Time hasn't been added to the solution because it's a new Attribute, or it contains components that won't work in earlier versions of CRM. 
    </Comment></Comments></Component><Component><Id>b5a8bce0-8b17-41f4-9a09-19a3727857d5</Id><Name>On Hold Time (Minutes)</Name><ComponentType>2</ComponentType><TypeName>Attribute</TypeName><ParentEntity>Opportunity</ParentEntity><Action>Remove</Action><Comments><Comment>The Attribute On Hold Time (Minutes) hasn't been added to the solution because it's a new Attribute, or it contains components that won't work in earlier versions of CRM. 
    </Comment></Comments></Component><Component><Id>955533df-200a-43cb-af04-f25e5ded6136</Id><Name>SLA</Name><ComponentType>2</ComponentType><TypeName>Attribute</TypeName><ParentEntity>Opportunity</ParentEntity><Action>Remove</Action><Comments><Comment>The Attribute SLA hasn't been added to the solution because it's a new Attribute, or it contains components that won't work in earlier versions of CRM. 
    </Comment></Comments></Component><Component><Id>8826b702-2edd-4515-a5a7-68f1c9ffcb15</Id><Name>Sort Date</Name><ComponentType>2</ComponentType><TypeName>Attribute</TypeName><ParentEntity>Phone Call</ParentEntity><Action>Remove</Action><Comments><Comment>The Attribute Sort Date hasn't been added to the solution because it's a new Attribute, or it contains components that won't work in earlier versions of CRM. 
    </Comment></Comments></Component><Component><Id>cb34da2c-874c-4fd8-920d-5d223143e6dd</Id><Name>On Hold Time (Minutes)</Name><ComponentType>2</ComponentType><TypeName>Attribute</TypeName><ParentEntity>Phone Call</ParentEntity><Action>Remove</Action><Comments><Comment>The Attribute On Hold Time (Minutes) hasn't been added to the solution because it's a new Attribute, or it contains components that won't work in earlier versions of CRM. 
    </Comment></Comments></Component><Component><Id>a1158ebc-ef69-44fa-96c2-cad1f94eeb0b</Id><Name>SLA</Name><ComponentType>2</ComponentType><TypeName>Attribute</TypeName><ParentEntity>Phone Call</ParentEntity><Action>Remove</Action><Comments><Comment>The Attribute SLA hasn't been added to the solution because it's a new Attribute, or it contains components that won't work in earlier versions of CRM. 
    </Comment></Comments></Component><Component><Id>cfc0c9cb-399a-4c82-96c6-6526eed018eb</Id><Name>Last On Hold Time</Name><ComponentType>2</ComponentType><TypeName>Attribute</TypeName><ParentEntity>Phone Call</ParentEntity><Action>Remove</Action><Comments><Comment>The Attribute Last On Hold Time hasn't been added to the solution because it's a new Attribute, or it contains components that won't work in earlier versions of CRM. 
    </Comment></Comments></Component><Component><Id>65ff3029-65b0-4dc7-87f9-857add053d82</Id><Name>Last SLA applied</Name><ComponentType>2</ComponentType><TypeName>Attribute</TypeName><ParentEntity>Phone Call</ParentEntity><Action>Remove</Action><Comments><Comment>The Attribute Last SLA applied hasn't been added to the solution because it's a new Attribute, or it contains components that won't work in earlier versions of CRM. 
    </Comment></Comments></Component><Component><Id>1111e206-242d-4f5f-8338-b03d4c17a770</Id><Name>Sort Date</Name><ComponentType>2</ComponentType><TypeName>Attribute</TypeName><ParentEntity>Recurring Appointment</ParentEntity><Action>Remove</Action><Comments><Comment>The Attribute Sort Date hasn't been added to the solution because it's a new Attribute, or it contains components that won't work in earlier versions of CRM. 
    </Comment></Comments></Component><Component><Id>7e7607a6-0462-4805-84b1-429bbed89cc7</Id><Name>Last On Hold Time</Name><ComponentType>2</ComponentType><TypeName>Attribute</TypeName><ParentEntity>Service Activity</ParentEntity><Action>Remove</Action><Comments><Comment>The Attribute Last On Hold Time hasn't been added to the solution because it's a new Attribute, or it contains components that won't work in earlier versions of CRM. 
    </Comment></Comments></Component><Component><Id>37b9ac12-6ebb-4fbb-9d18-ba2c683ec7ad</Id><Name>On Hold Time (Minutes)</Name><ComponentType>2</ComponentType><TypeName>Attribute</TypeName><ParentEntity>Service Activity</ParentEntity><Action>Remove</Action><Comments><Comment>The Attribute On Hold Time (Minutes) hasn't been added to the solution because it's a new Attribute, or it contains components that won't work in earlier versions of CRM. 
    </Comment></Comments></Component><Component><Id>7cb9e108-0f8a-488d-b8ee-5b66c4a40c4f</Id><Name>SLA</Name><ComponentType>2</ComponentType><TypeName>Attribute</TypeName><ParentEntity>Service Activity</ParentEntity><Action>Remove</Action><Comments><Comment>The Attribute SLA hasn't been added to the solution because it's a new Attribute, or it contains components that won't work in earlier versions of CRM. 
    </Comment></Comments></Component><Component><Id>2adc17f9-b7e6-42cd-8727-eb0708c2fd02</Id><Name>Last SLA applied</Name><ComponentType>2</ComponentType><TypeName>Attribute</TypeName><ParentEntity>Service Activity</ParentEntity><Action>Remove</Action><Comments><Comment>The Attribute Last SLA applied hasn't been added to the solution because it's a new Attribute, or it contains components that won't work in earlier versions of CRM. 
    </Comment></Comments></Component><Component><Id>16c02338-8792-45c8-8d4d-bd6399857ad9</Id><Name>Sort Date</Name><ComponentType>2</ComponentType><TypeName>Attribute</TypeName><ParentEntity>Service Activity</ParentEntity><Action>Remove</Action><Comments><Comment>The Attribute Sort Date hasn't been added to the solution because it's a new Attribute, or it contains components that won't work in earlier versions of CRM. 
    </Comment></Comments></Component><Component><Id>667019ad-124d-4e58-99a8-863ddd411074</Id><Name>SLA</Name><ComponentType>2</ComponentType><TypeName>Attribute</TypeName><ParentEntity>Task</ParentEntity><Action>Remove</Action><Comments><Comment>The Attribute SLA hasn't been added to the solution because it's a new Attribute, or it contains components that won't work in earlier versions of CRM. 
    </Comment></Comments></Component><Component><Id>b2cf1afe-5b8b-47eb-bc67-1969d8547b0c</Id><Name>Sort Date</Name><ComponentType>2</ComponentType><TypeName>Attribute</TypeName><ParentEntity>Task</ParentEntity><Action>Remove</Action><Comments><Comment>The Attribute Sort Date hasn't been added to the solution because it's a new Attribute, or it contains components that won't work in earlier versions of CRM. 
    </Comment></Comments></Component><Component><Id>c02747e4-783b-4228-b2df-8fb951148c59</Id><Name>On Hold Time (Minutes)</Name><ComponentType>2</ComponentType><TypeName>Attribute</TypeName><ParentEntity>Task</ParentEntity><Action>Remove</Action><Comments><Comment>The Attribute On Hold Time (Minutes) hasn't been added to the solution because it's a new Attribute, or it contains components that won't work in earlier versions of CRM. 
    </Comment></Comments></Component><Component><Id>beffd5a2-31a2-4497-a4f6-153328b59675</Id><Name>Last SLA applied</Name><ComponentType>2</ComponentType><TypeName>Attribute</TypeName><ParentEntity>Task</ParentEntity><Action>Remove</Action><Comments><Comment>The Attribute Last SLA applied hasn't been added to the solution because it's a new Attribute, or it contains components that won't work in earlier versions of CRM. 
    </Comment></Comments></Component><Component><Id>7654b6f7-aed1-4e75-a7db-839e9efa21c4</Id><Name>Last On Hold Time</Name><ComponentType>2</ComponentType><TypeName>Attribute</TypeName><ParentEntity>Task</ParentEntity><Action>Remove</Action><Comments><Comment>The Attribute Last On Hold Time hasn't been added to the solution because it's a new Attribute, or it contains components that won't work in earlier versions of CRM. 
    </Comment></Comments></Component><Component><Id>95b59f12-8619-e711-8106-e0071b6ad181</Id><Name>95b59f12-8619-e711-8106-e0071b6ad181</Name><ComponentType>47</ComponentType><TypeName>Attribute Map</TypeName><ParentEntity /><Action>Remove</Action><Comments><Comment>The Attribute Map 95b59f12-8619-e711-8106-e0071b6ad181 hasn't been added to the solution because it contains at least one Attribute that won't work in earlier versions of CRM. 
    </Comment></Comments></Component><Component><Id>96b59f12-8619-e711-8106-e0071b6ad181</Id><Name>96b59f12-8619-e711-8106-e0071b6ad181</Name><ComponentType>47</ComponentType><TypeName>Attribute Map</TypeName><ParentEntity /><Action>Remove</Action><Comments><Comment>The Attribute Map 96b59f12-8619-e711-8106-e0071b6ad181 hasn't been added to the solution because it contains at least one Attribute that won't work in earlier versions of CRM. 
    </Comment></Comments></Component></Components>