<ImportExportXml version="8.2.0000.0798" SolutionPackageVersion="8.0" languagecode="1033" generatedBy="CrmLive" xmlns:xsi="http://www.w3.org/2001/XMLSchema-instance">
  <SolutionManifest>
    <UniqueName>BizibleMarketingAttribution</UniqueName>
    <LocalizedNames>
      <LocalizedName description="Bizible Marketing Attribution" languagecode="1033" />
    </LocalizedNames>
    <Descriptions>
      <Description description="B2B marketing attribution across all your channels in order to optimize campaigns and control the success of your marketing." languagecode="1033" />
    </Descriptions>
    <Version>6.12</Version>
    <Managed>1</Managed>
    <Publisher>
      <UniqueName>bizible</UniqueName>
      <LocalizedNames>
        <LocalizedName description="Bizible" languagecode="1033" />
      </LocalizedNames>
      <Descriptions />
      <EMailAddress>support@bizible.com</EMailAddress>
      <SupportingWebsiteUrl>http://www.bizible.com</SupportingWebsiteUrl>
      <CustomizationPrefix>bizible2</CustomizationPrefix>
      <CustomizationOptionValuePrefix>34559</CustomizationOptionValuePrefix>
      <Addresses>
        <Address>
          <AddressNumber>1</AddressNumber>
          <AddressTypeCode>1</AddressTypeCode>
          <City>Seattle</City>
          <County xsi:nil="true"></County>
          <Country>USA</Country>
          <Fax xsi:nil="true"></Fax>
          <FreightTermsCode xsi:nil="true"></FreightTermsCode>
          <ImportSequenceNumber xsi:nil="true"></ImportSequenceNumber>
          <Latitude xsi:nil="true"></Latitude>
          <Line1>542 1st Ave South</Line1>
          <Line2>Suite 200</Line2>
          <Line3 xsi:nil="true"></Line3>
          <Longitude xsi:nil="true"></Longitude>
          <Name xsi:nil="true"></Name>
          <PostalCode>98104</PostalCode>
          <PostOfficeBox xsi:nil="true"></PostOfficeBox>
          <PrimaryContactName xsi:nil="true"></PrimaryContactName>
          <ShippingMethodCode>1</ShippingMethodCode>
          <StateOrProvince>WA</StateOrProvince>
          <Telephone1>1-800-913-2620</Telephone1>
          <Telephone2 xsi:nil="true"></Telephone2>
          <Telephone3 xsi:nil="true"></Telephone3>
          <TimeZoneRuleVersionNumber xsi:nil="true"></TimeZoneRuleVersionNumber>
          <UPSZone xsi:nil="true"></UPSZone>
          <UTCOffset xsi:nil="true"></UTCOffset>
          <UTCConversionTimeZoneCode xsi:nil="true"></UTCConversionTimeZoneCode>
        </Address>
        <Address>
          <AddressNumber>2</AddressNumber>
          <AddressTypeCode>1</AddressTypeCode>
          <City xsi:nil="true"></City>
          <County xsi:nil="true"></County>
          <Country xsi:nil="true"></Country>
          <Fax xsi:nil="true"></Fax>
          <FreightTermsCode xsi:nil="true"></FreightTermsCode>
          <ImportSequenceNumber xsi:nil="true"></ImportSequenceNumber>
          <Latitude xsi:nil="true"></Latitude>
          <Line1 xsi:nil="true"></Line1>
          <Line2 xsi:nil="true"></Line2>
          <Line3 xsi:nil="true"></Line3>
          <Longitude xsi:nil="true"></Longitude>
          <Name xsi:nil="true"></Name>
          <PostalCode xsi:nil="true"></PostalCode>
          <PostOfficeBox xsi:nil="true"></PostOfficeBox>
          <PrimaryContactName xsi:nil="true"></PrimaryContactName>
          <ShippingMethodCode>1</ShippingMethodCode>
          <StateOrProvince xsi:nil="true"></StateOrProvince>
          <Telephone1 xsi:nil="true"></Telephone1>
          <Telephone2 xsi:nil="true"></Telephone2>
          <Telephone3 xsi:nil="true"></Telephone3>
          <TimeZoneRuleVersionNumber xsi:nil="true"></TimeZoneRuleVersionNumber>
          <UPSZone xsi:nil="true"></UPSZone>
          <UTCOffset xsi:nil="true"></UTCOffset>
          <UTCConversionTimeZoneCode xsi:nil="true"></UTCConversionTimeZoneCode>
        </Address>
      </Addresses>
    </Publisher>
    <RootComponents>
      <RootComponent type="1" schemaName="account" behavior="1" />
      <RootComponent type="1" schemaName="activitypointer" behavior="2" />
      <RootComponent type="1" schemaName="annotation" behavior="2" />
      <RootComponent type="1" schemaName="appointment" behavior="2" />
      <RootComponent type="1" schemaName="bizible2_bizible_abtest" behavior="0" />
      <RootComponent type="1" schemaName="bizible2_bizible_attribution_touchpoint" behavior="0" />
      <RootComponent type="1" schemaName="bizible2_bizible_event" behavior="0" />
      <RootComponent type="1" schemaName="bizible2_bizible_history" behavior="0" />
      <RootComponent type="1" schemaName="bizible2_bizible_touchpoint" behavior="0" />
      <RootComponent type="1" schemaName="campaign" behavior="1" />
      <RootComponent type="1" schemaName="campaignresponse" behavior="1" />
      <RootComponent type="1" schemaName="connection" behavior="2" />
      <RootComponent type="1" schemaName="contact" behavior="1" />
      <RootComponent type="1" schemaName="email" behavior="2" />
      <RootComponent type="1" schemaName="fax" behavior="2" />
      <RootComponent type="1" schemaName="lead" behavior="1" />
      <RootComponent type="1" schemaName="letter" behavior="2" />
      <RootComponent type="1" schemaName="list" behavior="1" />
      <RootComponent type="1" schemaName="opportunity" behavior="1" />
      <RootComponent type="1" schemaName="phonecall" behavior="1" />
      <RootComponent type="1" schemaName="processsession" behavior="2" />
      <RootComponent type="1" schemaName="recurringappointmentmaster" behavior="2" />
      <RootComponent type="1" schemaName="serviceappointment" behavior="2" />
      <RootComponent type="1" schemaName="task" behavior="2" />
      <RootComponent type="29" id="{59b05b6f-bddd-e611-80c7-000d3a10fffc}" behavior="0" />
      <RootComponent type="29" id="{7dd699e1-bddd-e611-80c7-000d3a10fffc}" behavior="0" />
      <RootComponent type="29" id="{a521638d-bddd-e611-80c7-000d3a10fffc}" behavior="0" />
      <RootComponent type="29" id="{aaa4bfc3-bddd-e611-80c7-000d3a10fffc}" behavior="0" />
      <RootComponent type="29" id="{dd3fda3a-bddd-e611-80c7-000d3a10fffc}" behavior="0" />
      <RootComponent type="29" id="{f88c6da9-bddd-e611-80c7-000d3a10fffc}" behavior="0" />
      <RootComponent type="31" id="{13c10ed1-c99f-e611-80c5-000d3a173cfa}" behavior="0" />
      <RootComponent type="31" id="{30d8c99c-cc9f-e611-80c5-000d3a173cfa}" behavior="0" />
      <RootComponent type="31" id="{4635f232-93a0-e611-80c6-000d3a173cfa}" behavior="0" />
      <RootComponent type="31" id="{46f51589-54a0-e611-80c6-000d3a173cfa}" behavior="0" />
      <RootComponent type="31" id="{49f5ca24-91a0-e611-80c6-000d3a173cfa}" behavior="0" />
      <RootComponent type="31" id="{5512885a-92a0-e611-80c6-000d3a173cfa}" behavior="0" />
      <RootComponent type="31" id="{59e8a1ae-cb9f-e611-80c5-000d3a173cfa}" behavior="0" />
      <RootComponent type="31" id="{6dccbcb5-90a0-e611-80c6-000d3a173cfa}" behavior="0" />
      <RootComponent type="31" id="{71cf913c-ca9f-e611-80c5-000d3a173cfa}" behavior="0" />
      <RootComponent type="31" id="{7a2f89b2-cc9f-e611-80c5-000d3a173cfa}" behavior="0" />
      <RootComponent type="31" id="{7c3f4880-91a0-e611-80c6-000d3a173cfa}" behavior="0" />
      <RootComponent type="31" id="{7f0001d9-ca9f-e611-80c5-000d3a173cfa}" behavior="0" />
      <RootComponent type="31" id="{8222d3a7-8fa0-e611-80c6-000d3a173cfa}" behavior="0" />
      <RootComponent type="31" id="{8d4d2559-90a0-e611-80c6-000d3a173cfa}" behavior="0" />
      <RootComponent type="31" id="{94f9e7f3-cc9f-e611-80c5-000d3a173cfa}" behavior="0" />
      <RootComponent type="31" id="{b0db3a3e-cc9f-e611-80c5-000d3a173cfa}" behavior="0" />
      <RootComponent type="31" id="{cf2c79a7-92a0-e611-80c6-000d3a173cfa}" behavior="0" />
      <RootComponent type="31" id="{cfefc175-93a0-e611-80c6-000d3a173cfa}" behavior="0" />
      <RootComponent type="31" id="{d8de93aa-ca9f-e611-80c5-000d3a173cfa}" behavior="0" />
      <RootComponent type="31" id="{f62dbafd-cb9f-e611-80c5-000d3a173cfa}" behavior="0" />
      <RootComponent type="31" id="{ffee45d0-92a0-e611-80c6-000d3a173cfa}" behavior="0" />
      <RootComponent type="60" id="{107e3ef5-22a1-e611-80c6-000d3a173cfa}" behavior="0" />
      <RootComponent type="60" id="{1d74a00e-23a1-e611-80c6-000d3a173cfa}" behavior="0" />
      <RootComponent type="60" id="{20ec3318-e87e-4623-afe5-cac39cd090de}" behavior="0" />
      <RootComponent type="60" id="{27a6a1a8-e5b8-e611-80f7-c4346bdcb2f1}" behavior="0" />
      <RootComponent type="60" id="{2b37fc93-2858-4de8-9f01-6af2dc52a749}" behavior="0" />
      <RootComponent type="60" id="{30a2a938-181d-4f64-9b1f-1c2a7389193b}" behavior="0" />
      <RootComponent type="60" id="{3ccbed5f-2a39-4eac-acb4-2da7c0eaec20}" behavior="0" />
      <RootComponent type="60" id="{42cb0cbf-3597-4d02-8a1d-d8ce0a18d455}" behavior="0" />
      <RootComponent type="60" id="{448ef582-e5b8-e611-80f7-c4346bdcb2f1}" behavior="0" />
      <RootComponent type="60" id="{53f4417f-0f58-421d-95a7-d2b6fb578778}" behavior="0" />
      <RootComponent type="60" id="{5c97d0b6-da81-415c-941f-829a596f796d}" behavior="0" />
      <RootComponent type="60" id="{6187105a-e5b8-e611-80f7-c4346bdcb2f1}" behavior="0" />
      <RootComponent type="60" id="{6784b59d-22a1-e611-80c6-000d3a173cfa}" behavior="0" />
      <RootComponent type="60" id="{8448b78f-8f42-454e-8e2a-f8196b0419af}" behavior="0" />
      <RootComponent type="60" id="{990db052-4cc6-40fc-88cf-32af0a42aaae}" behavior="0" />
      <RootComponent type="60" id="{b3cb1790-c353-4302-8395-4263b7d1e808}" behavior="0" />
      <RootComponent type="60" id="{c9e7ec2d-efca-4e4c-b3e3-f63c4bba5e4b}" behavior="0" />
      <RootComponent type="60" id="{d02421d6-22a1-e611-80c6-000d3a173cfa}" behavior="0" />
      <RootComponent type="60" id="{eca01dbb-22a1-e611-80c6-000d3a173cfa}" behavior="0" />
      <RootComponent type="60" id="{f21c127f-22a1-e611-80c6-000d3a173cfa}" behavior="0" />
      <RootComponent type="61" schemaName="msdyn_/ActivityFeeds.Form.js" behavior="0" />
      <RootComponent type="61" schemaName="msdyn_/RecordWall.htm" behavior="0" />
      <RootComponent type="91" schemaName="BizibleOnDynamics.BiziblePlugin, Version=1.2.0.0, Culture=neutral, PublicKeyToken=46283a4504e798d7" behavior="0" />
      <RootComponent type="92" id="{29b4ae50-a9b1-e611-80ca-000d3a173cfa}" behavior="0" />
      <RootComponent type="92" id="{6863124a-a9b1-e611-80ca-000d3a173cfa}" behavior="0" />
      <RootComponent type="92" id="{6b63124a-a9b1-e611-80ca-000d3a173cfa}" behavior="0" />
      <RootComponent type="92" id="{6e63124a-a9b1-e611-80ca-000d3a173cfa}" behavior="0" />
      <RootComponent type="92" id="{7163124a-a9b1-e611-80ca-000d3a173cfa}" behavior="0" />
      <RootComponent type="92" id="{7463124a-a9b1-e611-80ca-000d3a173cfa}" behavior="0" />
      <RootComponent type="92" id="{7763124a-a9b1-e611-80ca-000d3a173cfa}" behavior="0" />
      <RootComponent type="92" id="{8eb746e8-75a7-e611-80c6-000d3a173cfa}" behavior="0" />
      <RootComponent type="92" id="{9035f3a5-216d-e911-a96b-000d3a1d72b6}" behavior="0" />
      <RootComponent type="92" id="{9aff8e07-76a7-e611-80c6-000d3a173cfa}" behavior="0" />
      <RootComponent type="92" id="{ed06a6a2-e5b1-e611-80ca-000d3a173cfa}" behavior="0" />
    </RootComponents>
    <MissingDependencies>
      <MissingDependency>
        <Required key="0" type="61" schemaName="msdyn_/RecordWall.htm" displayName="msdyn_/RecordWall.htm" solution="ActivityFeedsCore (8.2.0.0)" />
        <Dependent key="0" type="61" schemaName="msdyn_/RecordWall.htm" displayName="msdyn_/RecordWall.htm" />
      </MissingDependency>
      <MissingDependency>
        <Required key="1" type="61" schemaName="msdyn_/ActivityFeeds.Form.js" displayName="msdyn_/ActivityFeeds.Form.js" solution="ActivityFeedsCore (8.2.0.0)" />
        <Dependent key="1" type="61" schemaName="msdyn_/ActivityFeeds.Form.js" displayName="msdyn_/ActivityFeeds.Form.js" />
      </MissingDependency>
    </MissingDependencies>
  </SolutionManifest>
</ImportExportXml>